uuid,human_label
19e87537fbb63e7be7ba7178ec87be00707440cd,[6]
3ce91540349d54b1a746f108092eadb4ca61b044,[1]
971114089f96c33eacc7319ec4068c44dd3a807a,[1 2]
23c22c20823b117ee9ec8dfc687d37c6462d3d66,[10]
8377a21ee3bd638f7c4767b56cd4febe05017bd4,[8 7]
8845368dfdbb5455b169bd1ce4c232a4ccb46325,[10]
ae8e46a9bd61ccc07f8efac34d5e554a68775e3b,[1]
543512a3784381f2196e76fd14d0d6ceebfa2cda,[3]
e19ea8a68865c70f8d8d3a466d26184d659f9ce5,[1]
99d714de6c361aa06d44749a0764a7b6561597ae,[3]
5ca272896b6bbf994f3e1995b70acb58f6a383b0,[3]
80b3c06b7066b2fd4b84f68f2d333912badf4359,[]
045dd22bdffe6b2c7cd6c72095b841444f744b0d,[]
78c3d352cb9a4d8ffb7107233157adbc1c08630f,[]
14cc079309bc60d0fd8644c632aadf3028222ce5,[3]
c2007d0563853391efd464acab91e617b295bb1e,[6]
4ac1a28deaacf97ced3792ac990d1758e5c8c234,[]
c5f6735833e84dbff476f7cac619a7a51f5e80b9,[1 3 6]
7f33c09a9649cf82df3b07d9d836b27e6a31fa7e,[1  4 5]
dbffade595ce5a3c9439a8e76168bc7f73de184b,[1 3]
6eb56d020e3dfdedbd68bcf2664c24ea59db1e2d,[1 2]
594e4cbf158eebf6a923aee327298e552e1506e5,[1]
20bbcb186907b47fd6909796185a0c4c11beb587,[7 8 10]
a4e8486a5c0df16379d11ac58b3ebe3935e3f538,[5]
1c2cbe12190fad85ae6fbf7783f976d8fa05190a,[4]
b1c5de2f8451fea3e4ee3f36a9c4ea1d627f35e5,[1 3]
ef9318cdc7239e3bc0c4ce3160c916b3c2b7ee88,[4]
7712cd4dc12179ea9ae7146535e5da0cabc60007,[3]
0b47b5780e880cb6c98f1d81f3a6a38db687a356,[7]
f809c8ce0101ab5da4ee5edca2dc882e596ceccf,[1 3 7]
a89f1b5370a5070ebbf1b570ce296f5627f42b7d,[1 2 10]
f8ec1286ab3305c7b4479d5fc7a9c9b4dc49eb29,[1]
00f1a689042a4dab67b0ad7d5c144d862238014d,[]
c3d287bd61863265c5618a93358fd96b26d85a79,[3 4]
828c7beedb3fb4887b3f72a697472b4437cfa775,[]
0b8cc47aca639369e520196d2e238260b256688d,[3 10]
7c95f16f9cc0bf96d5cfc707d83796fc20be8f39,[7 8]
22471771e8c4175cf47076bb0dea7f0f2f8c4342,[7 8]
355cecd122d4f9d71d51b2de5cca71b62a59f07d,[1]
d003f8fd7950cc81fe2affb24677b37177792a44,[1 5]
81e0be1a145d1480a6f7ed29ab3f0d015c3811de,[]
6b14f4c1f52993a2bb0e42507a82923a98d00c8d,[1 2]
8ea26ce0a8f257820b217f7a327a8915e528268e,[3]
02ccf9090edc1b6729ff6e1688332f7ef3d53122,[1 2]
df4d0124326b59ebef85c56e523874bd0e66be28,[1]
06b0c294acf2618d325dc8b267d8238e4a5d19c1,[]
3c217800582b69788dfa756efba32316923ecd7e,[1 2]
d295df7ba6e4c96140571e787cac02cf1239d0bf,[ 1  2 10]
4347f98d6026f63fd06ef1b10bcf2cd8d09f3acc,[1]
589165a35ac0b0909efa4ab08c602f75cfef0555,[1 2]
1ab70c96ecefa8df7e08c800afb983e6d6c8de33,[1]
00848ca7fec8c4a96e7cf20d3b750c2e220f36c0,[]
79106de9e7fef33859d3d3626a56394e1a537a95,[1 2]
681acdd29cbc2386d36e0e9ba97b1fb232240f87,[1]
5499a200c74cc8884a23d79e6eb93b74e96a5c1a,[2 8]
50c977cd2c234fff91d1366eff3a57f694b33f51,[4]
795132ca9d795a56a40688f7fce937692763d2bc,[ 3 4]
b130996dcb47190bbb77fa7f56fd8cdf2732ce8a,[1 4 6]
0745cc7c174ef7d2e1a3ca74a3cc37872bd6d084,[]
89571c8693a0ad6e1ab776a694f62cd4fa334a06,[]
bc2fcd0c7168ff84db496fe9a2d5b8abd29be66e,[]
2b0dd06e381fa5d4b97dc0b188affa4aa4009693,[6]
56167be80fd505bc341286ad60f10ffe1d1eb8c0,[ 1  2 10]
27308dc597cad202af010b173179a683fa4719c4,[1]
fa0fd37d1d58d097f281e47d616852dfaaed665b,[1]
f9eb5e1c4d4bfda1592ed0ac82a4729387601d6d,[1]
25bfc4499277d8dd5264137e5859212e20b92816,[]
84ffe2f065472f6ea40bab4a0bdb80f8b61a8b89,[3]
c340b39b5cfe6dcd1cc870d507c49e6099a2ed8c,[]
e8ff39dc90d596b719e7379749e3ebf983f7c0e6,[8 7]
cf02db290a57a1ed8ca5c2137db0011d98d26a6d,[]
92c5fd81df4c54740be7d945da6ca7eb8df7dee1,[7 8]
7d9eac8d9fb6928df52de5b0588b3fd636724946,[]
0d3f8d09b6f1cf31774af4c413ed8084bb16715b,[3]
5bd5295e6b4709cd2f70314707de5401ef599430,[]
861343ce1ffeea2aa4778b9e45801953c5cb8b69,[]
ed7ca7218a5ba01a81fabb7930bf7094689e25c1,[1]
1969f1696f95f4c90b0d160f65259f10247205cb,[8 7]
13d412fa2b240bbcf4b46c7ead5f987c2dc894fe,[10]
9b5fe09072bbabfc7c240d8a3ac74de7d214f41c,[]
32f453fed462db53b46c8723842d5f2767dd32b0,[1 2]
2f12633d1ed38d8be6c2ee9e9adf662009cd6005,[]
ac5d0ab26849a9d3a01a9127e9b14aa12b64f749,[]
e5d692908291f5e336fb312189a199cb09fc4984,[10]
613b83784027e2b871c3d5d134f81a31cd8c19bd,[]
4b37289eaf40374027ea31680987c20cdecf2ec3,[]
738d958e4606b0003ce6f347d17c6c9746341f2f,[]
570c58709240245523367918ff48e8dffbceb5dd,[1]
007607a1bf98dbf5441300bab67169436ebcf9d4,[]
5bd0f2492f9b3046db04cb8e9e2a9670c53772ec,[]
4c490b74d9bd97d370df2fc19e95ae50b9661741,[1]
d9b9a66e6a61c44ad99445ce5923469cb86f9a71,[]
f8d93f94b0751be4f6a8304dae48074f6f5aed6f,[1]
b24b280370a10a391ab8cf4afd65080810de820d,[]
cb1beaf5ed14fd30b77863ddea6f0d8bf0c86dc2,[1 2]
6f96044b6667a8c6c7a1e2852739e007bded5ca3,[]
9cfa88c21d3cdf049042c5adab562eae63194385,[]
69fdbdca8c82b9d06a5d23c0d6c54c1a8fad5daf,[1 2]
89bf6915f6421a3e08ee21cd0dfa0252623d6fbf,[1]
d9bbade6d55ab08feca42bf99f4146e83c9db1a4,[1 2]
434fcbe9ae63227c8ceaf5f9696e47a0eb18a5ec,[]
09911a9d787afae7b9abb27b0bfad8abf53f27e2,[1]
92aa228335cbbcadb0ff38324cc29cefb80547bb,[]
9162a690236d79025c3acb57286654d6d4aa7cf4,[]
54adc19a4cceb68718a49ee6492980a90fe48a52,[1]
5f451e35bc63eb6a1b933fa0d62ad4992e696072,[]
42714cca0d6bfae4f6fb3ada34d7af467a158f50,[1]
a1c4d5c82232b5bbfb492a9effcb12155879594d,[]
46d2daf1ce34a0caf59ff158110e6fb2db4c40e7,[6]
1e1a9f32f4edee9efe9ec9c38385baa8b1f3107e,[8]
96c7221a7a55bec50d4f57cae64386616fd49d41,[]
90652122681b51fe37df4e5f09e1c385a8d36df6,[2]
10ce310c35eafb61c7f1283ca1ff9db987eb9bc4,[1 2]
0a404f1718c7ee25f4e3132f3d2a8f34ce1b97b2,[]
4c730730862d6050bc86b28b1789c1308c1d788a,[4]
a7ef7a37bd2756576db61c8bc9ce7f273c04b626,[8 7]
eb3913cbd159e6129f29dd5b5173a8ab6dbf6c95,[]
84bda8281cdaa6a4053effcee717979a3979e543,[]
16bb7dad5541d86bcbd97379dc6e659677ce75ab,[3]
8d329108bc51989f84a868cd640a2038f1c82767,[ 2 10]
74f4bd9be5bee3c700d2da78435615d6d44af37e,[]
f3db971dc1087be5a3e6d7f116487d06311f8cef,[1]
77e8de6fc6595a1516304d5e280513f5c36c7c45,[10]
b143b9580f320f2bb21f40de7378ac040730f6d1,[1]
daf0e527b44041a98b2e955a9f53166b06d43e7d,[1 4]
d51f2e77463e9bd595c60f4e411c9170ed547888,[2]
61401fe5e70eb600b4c6d41d34b7d14e7916f3ff,[1 2]
97aa48e1fd0be6848b421dd696811fb650ed2bb5,[7 8]
d52969d04b9dcec4a43d51b9012a205c4466619c,[2 10]
43dcc86c47f506b2bc09bbf9097c11711c8e9005,[1 7 8]
3b71cf5ee5730721ef7a7e96cb576895a2d06f2c,[]
106a6c07ad07da621c294f296d76950ea786beba,[1 6]
70cd82a23472df5177cbc663079afba2c320db9b,[5]
94dc920276d3f03012b45724096e7a0ed96ed159,[10]
ad837ab064631b0874cc9596633a9ffc1702d2ea,[]
e9ec1ab0591677d436d4900013ef03b3a116ab45,[8 7]
07ba9aae449ce3c6f4ec4231d81fb12639fe47d2,[1 2]
b79a84219cd31dfb525b9c5cf658a5af86872252,[1]
c34cdc3be4ce4b544ede4eaeb410915a2c7c6fd9,[]
1a79b48d8f470098674ef6bad9142d5288d42e5f,[8 7]
aedffa5a60f8a300cc84a0d717eafc533eb55aa0,[]
e9d492143a82cbcc42512ca8e745c5bf522e1ba7,[]
a7de49e63443e04e36a5a028cecc35fb1528d355,[]
2d3f8ff926cdd4efd775001b271c340636e570f1,[3]
a3772da8c3a9c34cc70ec18f99a0db359de95e89,[1 2]
0b42d7fbd7898727ecc113d1188bf101619b1619,[1]
3e49b9c451af87fe483d247f0857d09e3804a601,[1]
5b2019ead8b96f04c08b3b7c6e50f8823de2d885,[1]
d4756656e0fd78d23749227216620a3ecab88ded,[1 4 10]
9b95dc97cfc5834833b5ea421a4a950a34e33f6f,[4 5]
3f70425b900b6ca44ff7c26773e06e1cf217f3e6,[]
d6f305344e5b9fc8cdfb7e5172b73fad3f207582,[]
f9a7b8fc049ba7674bf5f86a269b21fb0c314b95,[1 4 5]
ad6753d1aef179a268ff4476452bc1894ade768d,[1 4]
44b70610a68fee37a0d622e393242104c138fb27,[]
d569ca04ceb5edad1ccf5a0b3e1875f798da4ef9,[1 6]
80f098c55e4dea486c755e197af592385fe641dc,[7]
9c510a05862a100ff83cf7610be7d3c7b57e8ec7,[8 7]
77933687af2384b26471a5b4670ac857a36481db,[1]
bb8e35c64abe28125ef23a46a383fe0ace1209bf,[]
0c1bdff8e0ed4e6ee9f422f5b48f3bf02df014eb,[]
a1c8b9fad70ed82ac42f094eb071963be136b7fc,[8]
defcd653d5ab4ac136b0eff220ca2473deca63c7,[]
f9627e638b1463b9a20fa1ffad9f0a0df46429e6,[]
9fd6d17129379caa0873162aba9b4504846c1f6a,[]
0cdb875bdcff7f2870147175f474c7ee323522df,[4]
38cb752ee203da7da1cea42910ab6df943fa2712,[1]
1d9e8306b5da3474bced305fdb44d16ee3acf244,[]
c165df12b97044b93e980dee7bcf39d0ccbec592,[]
85cb4e194f52b791ec99a61ae126c6d6134fa0d6,[7]
9b450da1eaa5295d0c96b3a2c5c8b48c1615c133,[]
07d7b97083b2fe34e5478ee792d9fecab7aad11a,[]
435e2961c37163d4cb5e020b0651aa084012e4c5,[1]
ee589ef0428d94c6e8477c7f248cc37666a602a3,[3]
7e42df12da0b8a2febae0ff07c0c7e1f64f9d281,[10]
e0044d5d2baf72e92ced0c0d9b417d692988c46d,[]
0eb203b1d383571127b62228b6058e3e5488c707,[2 7]
ed8ce611df51b52e4ca898bc9fb74a0634a8b35f,[10]
9667951f368b435f004e331ba6fc589d7c112d31,[1]
e7f8c8dd5b8673ad34fb99763105add59a0fbd95,[]
56f8db5ed858490cc7e9c814845e9818df2f9521,[]
8296c3e2fc8e2967bfa5ef31125695b1742f4444,[]
f301a06725a8b0157fbda981511a5d6214de1fc2,[7]
ef666851841b1bd62d9bbeabb374d41bbeb90917,[7 8 9]
9ecfce7bff8aebcde8f8686f082c556bd42ff77e,[]
fa73b41fe4d17299156ce5ab423fd4d6a7d9c8e8,[]
72a10dc5e6646db10479b98fbee27fb61773d4df,[]
86a544d876316f877b1e6b0b18f85a7cb6d21ea7,[7 8]
c17bb6add4d78ccf40b4e14d8a036d0a3bd635d4,[1]
7648f440f6b4bbaea8404b2a2c0d4f34a0568845,[]
2c52271384585e8815117f0dd2b136b27319076d,[1 2]
771f7ee61890c3d346aab2cd99d682aff24c3834,[]
66d4d0c80058ab8cee764e2f1577d9e90de340b9,[1 2]
9e2363f594e756e6cd0e62030d570ee5ee124e33,[]
36a760a464d8909682c3b7223247482bc95cb8ed,[]
6f72fdbb82c4e7618a03c51bf4484d2130b9e301,[]
d73b6f8ac4a67c8ad53cad88bfb8f67d6dc29718,[]
15c1e72ac5de62fc329a9a9198aa46fe4288d3f4,[5]
fd601928f58b3e6b69854ab6a1a88b3680b080d1,[6]
761858e93617797341e758d36e4017985c1a4642,[]
